,job title,job link,company name,location,posted date,salary Info,job Type,job description
0,Data Analytics Specialist,https://www.indeed.com/rc/clk?jk=d958dbc0f83a5ee5&bb=I-CbN22wizRAZOg9huclIzLet-81jhvXuo5He7tpwxKz5qp6x7nJdUnnc1obkO_Ob1349jDIngj-alv3BhokC3-4qy8w_fGvgqm_bjTl_j3IvMBuCSVO6ZITodf0VIMH&xkcb=SoC267M3915MTQSU650LbzkdCdPP&fccid=91a244ca2a68912d&vjs=3,"California State University, Long Beach","Long Beach, CA 90840 (State College Area area)",11 days ago,"$4,094 - $7,881 a month",#NAME?,"


**Job no:** 541893  
 **Work type:** Staff  
 **Location:** Long Beach  
 **Categories:** Unit 9 \- CSUEU \- Technical Support Services, Administrative, Temporary, Full Time  



**Job Summary** 


Under direct supervision of the Associate Director for Student Success Analytics, the Specialist will play a crucial role in utilizing SQL, Oracle Databases, Data Warehouses, Data Analytic Software, and Business Intelligence (BI) tools to create, maintain, and report institutional data. The incumbent will conduct data analyses and prepare ad hoc data reports. This person will also play a significant role in supporting the database administrator with tasks related to data modelling, repairing and/or maintaining database procedures, data file transfers via utility programs, and documentation.


 **Key Responsibilities** 


* Utilize SQL, Oracle Databases, Data Warehouses, Data Analytic Software, and Business Intelligence (BI) tools to create, maintain, and report institutional data.
* Help administer Tableau server and IR\&A Oracle databases and warehouses, including data modeling, desktop upgrades and tuning, security, and administration.
* Utilize data analytic tools and software to design and conduct basic and advanced analytics and reporting.


**Knowledge Skills and Abilities**


Basic knowledge of and skills in programming languages (SQL, Python, R). Basic knowledge of and skills in data visualization tools and software (Tableau, Power BI). Basic knowledge of and skills in data warehouse platforms (Oracle, Azure, Amazon Redshift). Working knowledge of desktop work processing and spreadsheet software. Working knowledge of administrative survey principles and techniques. Basic competency with the gathering, compiling, and analyzing of research data. Working knowledge of website utilities


Ability to present data in various media (e.g., paper, electronic, web\-based). Ability to write and speak clearly. Ability to work collaboratively and facilitate a customer service orientation. Ability to follow all university policies, procedures, and guidelines including but not limited to safety, civility, information security, and non\-discrimination policies and procedures.


Ability to communicate with an ethnically and culturally diverse campus community. Ability to follow all university policies, procedures, and guidelines including but not limited to safety, civility, information security, and non\-discrimination policies and procedures. Ability to contribute to a positive university experience for each and every student and assist in achieving the university's commitment to a ""vision of excellence.""


 **Education and Experience**


* Equivalent to a bachelor’s degree in computer science, business, or related technical field required.


Preferred:


* Two (2\) or more years of experience processing, cleaning, creating dashboards or other data visualizations.


 **Physical Summary** 


* Sedentary work \- Involves mainly sitting. Walking and standing are minimal. Lifting is limited to lightweight objects. (10 pounds or less).


**Department**


Institutional Research \& Analytics


 **Classification**


Analyst/Programmer \- Foundation


 **Compensation**


Salary placement is determined by the education, experience, and qualifications the candidate brings to the position, internal equity, and the hiring department’s fiscal resources.


 **Hiring Range:** The hiring range for this position is $4,094 \- $4,200 per month commensurate with candidate's education, experience, skills, and training.


 **CSU Classification Salary Range:** The CSU Classification Salary Range for this position is $4,094 \- $7,881 per month.


 **Benefits**


Excellent benefits through CalPERS (health, vision, dental), tuition fee waiver, generous vacation and sick leave, and 14 paid holidays each year.


 **Time Base**


1\.0 time\-base, 40 hours per week.


 **Duration of Appointment** 


This is a temporary position for 6 months with no permanent status granted. Temporary assignments may expire prior to the ending date.


 **Application Procedures**


Click Apply Now to complete the CSULB Online Employment Application.


 **PLEASE FILL OUT THE APPLICATION COMPLETELY.** It is important that all sections of the on\-line application are filled out completely and accurately. Please include all relevant education and experience. Your application will be used to determine whether you meet the minimum qualifications for this position.


 **Additional Information**


A background check (including a criminal records check) must be completed satisfactorily and is required for employment. CSU will make a conditional offer of employment, which may be rescinded if the background check reveals disqualifying information, and/or it is discovered that the candidate knowingly withheld or falsified information. Failure to satisfactorily complete the background check may affect the continued employment of a current CSU employee who was conditionally offered the position.


Due to the nature of this position, current CSULB employees are subject to a criminal record check unless they have successfully completed a criminal background check through CSULB within the past 12 months.


CSULB is not a sponsoring agency for staff and management positions (i.e. H\-1B Visas).


California State University Long Beach expects respectful, professional behavior from its employees in all situations. Acts of harassment or abusive conduct are prohibited. Demonstrated appropriate professional behavior, treating others with civility and respect, and refusing to tolerate abusive conduct is expected of all employees.\\


 **Equal Employment Statement**


California State University Long Beach is an Affirmative Action/Equal Opportunity Employer that is strongly committed to promoting diversity in all areas of the campus community. We consider qualified applicants for employment without regard to age, physical or mental disability, gender or sex, genetic information, gender identity, gender expression, marital status, medical condition, nationality, race or ethnicity, religion or religious creed, sexual orientation, and veteran or military status.


 **Accommodations**


We provide reasonable accommodations to applicants and employees with disabilities. Applicants with questions about access or requiring a reasonable accommodation for any part of the application or hiring process should contact StaffHR\-Accommodations@csulb.edu.


 **Out of State Employment Policy**


California State University, Long Beach, as part of the CSU system, is a State of California Employer. As such, the University requires all employees upon date of hire to reside in the State of California.


As of January 1, 2022 the CSU Out\-of\-State Employment Policy prohibits the hiring of employees to perform CSU\-related work outside the state of California.



**Advertised:** Aug 07, 2024 (9:00 AM) Pacific Daylight Time  
 **Applications close:** Aug 21, 2024 (11:55 PM) Pacific Daylight Time



"
1,Audit Data Scientist,https://www.indeed.com/rc/clk?jk=9a27035fd66e0af0&bb=I-CbN22wizRAZOg9huclI9iSb3a8iaXENJ0-KYLCHQeL6YR6rbMSq-76fawNhilngrOISfOm4Qqab_Aj4G1WllgIA6YZdjBY_LHMRFoDON6Isz-m73oPCle4hiB7-xSz&xkcb=SoAC67M3915MTQSU650KbzkdCdPP&fccid=12626f295bf6a003&vjs=3,Logistics Management Institute,Remote,6 days ago,,Full-time,"
 Overview: 
 
 LMI is seeking for a **Audit Data Scientist** to provide data analytic support for NASA OIG audit projectshroughout the Research, Survey, Fieldwork, Reporting, and Post Audit Activity phases. This includes offering analytic consultation, supporting data acquisition, conducting analysis and visualization, and delivering project management to enhance audit processes.
 


  
 LMI is a consultancy dedicated to powering a future\-ready, high\-performing government, drawing from expertise in digital and analytic solutions, logistics, and management advisory services. We deliver integrated capabilities that incorporate emerging technologies and are tailored to customers’ unique mission needs, backed by objective research and data analysis. Founded in 1961 to help the Department of Defense resolve complex logistics management challenges, LMI continues to enable growth and transformation, enhance operational readiness and resiliency, and ensure mission success for federal civilian and defense agencies.
 


  
 LMI has been named a 2024 \#TopWorkplace in the BuiltIn Workplaces! We are honored to be recognized as a company that values a people\-centered culture, and we are grateful to our employees for making this possible!
  Responsibilities: 
 * Provide expert analytic consultation and solutioning services to support OIG audit projects.
* Collaborate with data owners and suppliers to acquire and maintain necessary data.
* Conduct reliability and validity assessments on data sets to ensure integrity.
* Perform exploratory data analysis and data mining to extract meaningful insights.
* Produce comprehensive reports and visualizations to support audit findings.
* Utilize programming languages such as Python, R, or ACL for data analysis and automation.
* Develop dashboards and visualizations using tools like PowerBI or Tableau.
* Employ database and automation tools (e.g., SQL, Alteryx) to streamline data processes.
* Design and conduct survey research as part of the audit process.
* Work closely with subject matter experts to integrate data findings into audit reports.
* Write and edit report sections related to data analytics, including infographics and storytelling elements.
* Lead data analytic projects, ensuring timely delivery and quality of outputs while fostering effective collaboration with colleagues, partners, and stakeholders.

 Qualifications: 
 
 **Minimum:**

* Bachelor’s degree in Data Science, Statistics, Computer Science, Information Systems, or a related field.
* Proficiency in data analytics tools and programming languages (e.g., Python, R, SQL, ACL).
* Experience with data visualization platforms such as PowerBI or Tableau.
* Proven experience in data analytics, preferably in an audit or IG environment.
* Familiarity with cloud environments for performing data analytics.
* Strong analytical and problem\-solving skills with a focus on delivering innovative solutions.
* Excellent written and verbal communication skills.



 **Preferred:**

* Master’s degree in a relevant field.
* Relevant certifications in data analytics or audit (e.g., Certified Data Analyst, Certified Internal Auditor).
* Experience using Audit Command Language (ACL)
* Prior experience working in a government or audit setting.
* Advanced skills in data automation and database management.
* Experience in developing complex dashboards and data visualization solutions.
* Ability to effectively communicate complex data concepts to non\-technical stakeholders.
* Strong organizational skills and attention to detail.


"
2,Molecular Breeding Data Analyst (McClean),https://www.indeed.com/rc/clk?jk=0c6e7ce0e931163c&bb=I-CbN22wizRAZOg9huclI1O3v1wYG_cAcJwRH2NeQNb2gxf_W8z2AD6HEz_HQlqcAh2zoMPFjPIC-qRbfCWwyCuLLdMFM1J2ghGgS3qzC8qsoJrOlMHUC4z6uw2-nlbX&xkcb=SoCf67M3915MTQSU650JbzkdCdPP&fccid=9c66661af27755cd&vjs=3,North Dakota State University,"Fargo, ND",11 days ago,"Desde $80,000 por año",#NAME?,"



**Description \& Details:**


NDSU Agricultural Data Analytics develops innovative digital solutions for agricultural research. The unit seeks a skilled Molecular Breeding Data Analyst with a strong background in plant or animal breeding, quantitative genetics, and bioinformatics to join our dynamic team. The ideal candidate will be pivotal in working with our team to implement analysis tools and oversee molecular breeding data solutions.


This role requires a blend of plant or animal breeding, quantitative genetics, data management expertise, and a solid understanding of molecular breeding and genomic data analysis. The candidate will work with the database engineer to ensure integrity, accessibility, and efficient genomic and phenomic data processing. The candidate’s work will directly support the NDSU plant breeding community's efforts to understand genetic variations, their implications in crops, and their utilization in plant breeding.


 **Key Responsibilities:**


* Coordinate research efforts between the NDSU Agricultural Data Analytics, including the database engineer and tool developers, and NDSU plant breeders. This team will work together to develop and maintain genomic and phenomic databases and analytical tools to assist each of NDSU’s ten plant breeding programs.
* Contribute to developing and maintaining genomic and phenomic databases. Ensure data integrity, confidentiality, and compliance with regulatory standards.
* Work closely with the NDSU Agricultural Data Analytics, database engineer, and plant breeders to develop and optimize data management and analysis pipelines. Facilitate data sharing and integration across interdisciplinary research projects.
* Evaluate genomic data from internal or external service providers for quality, store data in appropriate databases, and prepare it for implementing molecular breeding for NDSU’s plant breeding programs.
* Train and support plant breeding teams in using data analytic tools developed by the NDSU Agricultural Data Analytics for line advancement purposes. The goal is to accelerate genetic gain and improve the delivery time of new varieties to growers.
* Provide logistical support to the breeding programs whenever necessary to ensure smooth germplasm genotyping and implement molecular breeding strategies.
* Stay abreast of emerging technologies and analysis methodologies in molecular breeding to contribute to developing new tools and workflows to enhance molecular breeding data analysis capabilities.


 **Minimum Qualifications:**



* Master’s degree plus three years of experience in plant or animal breeding and quantitative genetics, statistical genomics, or a related field.
* Ability to anticipate the needs of researchers based on knowledge of plant breeding, genetics, and biology.
* In\-depth knowledge of biological data types and structures.
* Familiarity with bioinformatics tools and databases commonly used in genomics and phenomics research.
* Proven experience in database management, preferably in a genomics or bioinformatics setting.
* In\-depth knowledge of SQL with specific emphasis on PostgreSQL, including the ability to evaluate performance and optimize complex queries.
* Excellent oral and written communication skills in the English language.
* Strong ability to troubleshoot in all areas, combining concrete and abstract thought.
* Strong communication skills focused on determining the needs of researchers and collaborative development.
* Excellent analytical, organizational, and communication skills.
* Ability to work collaboratively in a multidisciplinary team environment.


 **Preferred Qualifications:**


* A PhD plus two years of experience in plant or animal breeding and quantitative genetics, statistical genomics, or a related field.
* Proficient in bioinformatics software and databases and experienced in programming languages such as Python, R, or Java.
* Strong background in sequence and phenotypic data analysis and understanding molecular biology principles.
* Strong experience using a programming language such as R or Python to automate routine tasks and turn them into production\-quality code.
* Experience with data management systems and knowledge of data standards in genomics and other omics.
* Experience working with open\-source development communities.


 **Advertised Salary:** **$80,000\+/year (commensurate with experience)**


 **Applicant Materials Required:**


Applicants must submit: 1\) a cover letter discussing how the stated qualifications are met; 2\) a detailed resume; 3\) contact information (i.e., names, phone numbers, institutional addresses, and email addresses) of three current references from the most recent positions held.


 **Benefits:**


NDSU offers a comprehensive benefits package which includes single or family health insurance coverage with premiums paid for by the university – with an effective date for new employees the first of the month following date of hire. Other benefits include: wellness benefits, basic life insurance, retirement plan, tuition waiver, annual leave, EAP, sick leave and holiday pay. Optional benefits include: supplemental life, dental, vision, long\-term care insurance, flexible spending account, and supplemental retirement plans.


 **About Us:**


North Dakota State University is distinctive as a student focused, land\-grant, research university. We educate leaders who solve national and global challenges by providing affordable access to an excellent education that combines teaching and research in a rich learning environment.


NDSU is in the highest Carnegie Classification of Institutions of Higher Education, R1, granted to the top research institutions in the country.


NDSU has offices across the state of North Dakota, and the main campus is in Fargo, on the Minnesota border. Along with Moorhead, Minnesota, Fargo forms one of the largest metropolitan centers between Minneapolis and Seattle. The community is consistently ranked as one of the best places to live.


 **No Smoking Notice****:**


As an employer, the State of North Dakota prohibits smoking in all places of state employment in accordance with N.D.C.C. § 23\-12\-10\.


 **EO/AA Statement:**


North Dakota State University is an Equal Opportunity employer and all qualified applicants will receive consideration for employment without regard to age, color, gender expression/identity, genetic information, marital status, national origin, participation in lawful off\-campus activity, physical or mental disability, pregnancy, public assistance status, race, religion, sex, sexual orientation, spousal relationship to current employee, or veteran status, as applicable.


 **Diversity Statement:**


NDSU strives to be a community of belonging, recognizing unique differences as strengths of our university. We seek to recruit and retain a diverse workforce that supports a community in which diverse populations and perspectives will know and learn from one another. NDSU values candidates who are committed to our core values of respect, inclusivity, community, creativity, excellence, impact, innovation, integrity, resilience, responsiveness, and transformation. Successful candidates will be committed to and help advance our strategic goal to create and maintain an open and respectful environment to promote inclusivity and diversity as a cornerstone of education, research, and outreach.


 **Veteran’s Preference Notice:**


This position is subject to North Dakota Veteran’s Preference requirements.


 **Reasonable Accommodation Information**


North Dakota State University is committed to providing access and reasonable accommodation in its services, programs, activities, education, and employment for individuals with disabilities. To request disability accommodation in the application process, please contact Human Resources at 701\-231\-8961 or ndsu.hr@ndsu.edu.




"
3,"Data Reporting and Analytics Consultant IV - SQL, Tableau",https://www.indeed.com/rc/clk?jk=3773fbb1ac1ac05f&bb=I-CbN22wizRAZOg9huclI3Ar-Umbac1DHh6BZ1dH4z50a7a_T1vxrP12ioQX3hC716BDGuQCPe_f1Vd_ZM8ZLSU3859E0MgR_p1PUAAyhENzRTOUkVP7-Q%3D%3D&xkcb=SoAr67M3915MTQSU650IbzkdCdPP&fccid=48ecd526e3aa3225&vjs=3,Kaiser Permanente,"Oakland, CA",4 days ago,"$127,600 - $165,110 por año",#NAME?,"


**Remote from any KP location in CA, OR, CO, WA, GA, MD, VA D.C. Only.**


 **\*\* PLEASE NOTE: Salary ranges are geographically based. The posted range is for the Bay Area, CA. Lower ranges will apply for other labor markets outside of Northern, CA**




 **Job Summary:**

  
 This position is part of a best\-in\-class analytics function being established to turn the wealth of available data into competitive advantage for Kaiser Permanente. The successful candidate will work in a highly collaborative environment, partner with a wide range of business functions (such as sales, marketing, underwriting, broker and employer services, digital, care delivery) to answer the “what”, “so what” and “now what” questions using advanced analytical tools.



 **Essential Responsibilities:**
  

* Practices self\-development and promotes learning in others by proactively providing information, resources, advice, and expertise with coworkers and customers; building relationships with cross\-functional stakeholders; influencing others through technical explanations and examples; adapting to competing demands and new responsibilities; listening and responding to, seeking, and addressing performance feedback; providing feedback to others; creating and executing plans to capitalize on strengths and develop weaknesses; supporting team collaboration; and adapting to and learning from change, difficulties, and feedback.
* Completes work assignments and supports business\-specific projects by applying expertise in subject area; supporting the development of work plans to meet business priorities and deadlines; ensuring team follows all procedures and policies; coordinating resources to accomplish priorities and deadlines; collaborating cross\-functionally to make effective business decisions; solving complex problems; escalating high priority issues or risks as appropriate; and recognizing and capitalizing on improvement opportunities.
* Executes creative data analytic approaches leading to actionable outcomes by defining and calculating metrics to be analyzed; defining, calculating, and validating algorithms; and conducting analyses, including descriptive, correlational, inferential, and/or predictive statistics.
* Develops, implements, and automates business and reporting solutions by working with stakeholders in their design, planning, and implementation while ensuring consistency and coherency; evaluating and summarizing data and results; creating summary statistics; developing data reports, visualizations, and/or interactive Business Intelligence (BI) reports; reporting to stakeholders on key findings; identifying needs for the development and implementation of additional reporting solutions; and preparing documentation as appropriate.
* Interprets data analyses by applying findings to contextual settings; and developing insights, reports, and presentations telling a compelling story to stakeholders to enable and influence decision making; and providing context related to data interpretations and/or limitations as appropriate.
* Drives strategic data\-informed decisions by consulting with clients to identify and clarify key business needs; developing outcomes and process measures; translating business requirements; determining data/information needs and data collection methods; developing analysis plans; measuring the impact of business decisions on clients, customers, and/or members; working with clients and staff to identify opportunities and methods to improve efficiencies with analysis; supporting and training end\-users; and documenting processes and deliverables.
* Gathers data and information on targeted variables in an established systematic fashion by validating data sources; querying, merging, and extracting data across sources; completing routine data refresh and update; developing and/or delivering tools for electronic data collection; and providing user training, support, and documentation.
* Develops analytical and/or statistical models enabling informed business decisions by determining data and analytical requirements; creating models leading to actionable insights; and testing, refining, and validating models.
* Prepares data for analytic efforts by integrating and consolidating data; ensuring data quality and accuracy; profiling data inaccuracies and recommending process improvements or system changes to enhance overall quality of the data; and cleaning and creating final data set(s) for analysis.



  
 **Minimum Qualifications:**
  
   

* Minimum one (1\) year experience in a leadership role with or without direct reports.
* Bachelors degree in Mathematics, Statistics, Engineering, Social/Physical/Life Science, Business, or related field and Minimum five (5\) years experience in data analytics or a directly related field. Additional equivalent work experience in a directly related field may be substituted for the degree requirement.



  
 **Additional Requirements:**
  

* Knowledge, Skills, and Abilities (KSAs): Negotiation; Business Planning; Written Communication; Data Extraction; Data Mining; Data Visualization Tools; Statistical Programming Language; Relational Database Management; Vendor Management; Project Management

  
 PrimaryLocation : California,Oakland,1800 Harrison  
 HoursPerWeek : 40  
 Shift : Day  
 Workdays : Mon, Tue, Wed, Thu, Fri  
 WorkingHoursStart : 08:00 AM  
 WorkingHoursEnd : 05:00 PM  
 Job Schedule : Full\-time  
 Job Type : Standard  
 Employee Status : Regular  
 Employee Group/Union Affiliation : NUE\-PO\-01\|NUE\|Non Union Employee  
 Job Level : Individual Contributor  
 Job Category : Data Analytics  
 Department : Po/Ho Corp \- Membership \& Market Analytics \- 7016  
 Travel : Yes, 5 % of the Time  
 Kaiser Permanente is an equal opportunity employer committed to a diverse and inclusive workforce. Applicants will receive consideration for employment without regard to race, color, religion, sex (including pregnancy), age, sexual orientation, national origin, marital status, parental status, ancestry, disability, gender identity, veteran status, genetic information, other distinguishing characteristics of diversity and inclusion, or any other protected status.
"
4,Senior Data Analyst,https://www.indeed.com/rc/clk?jk=0843d5fec93c4ce7&bb=I-CbN22wizRAZOg9huclIwqwj_C1RPCy9gZJTQvjSFpUbhWTrBIOfYpeepu-uVa1Z7X04FfFAs0kbINtMgS4lkaPmE6bAhzta6qPIM2OJpjMzZynvA6eLiw7Gw7bSSUG&xkcb=SoCl67M3915MTQSU650PbzkdCdPP&fccid=32f1f726276ba707&vjs=3,Tulane University,"New Orleans, LA",30+ days ago,"$127,600 - $165,110 por año",#NAME?,"



 The Senior Data Analyst at the Cowen Institute is responsible for overseeing and conducting data analysis, producing publications and data visualizations, and tracking policies on the K\-12 public education system, postsecondary education, and youth outcomes. The applicant will also lead the New Orleans Data Collaborative which is run by the Cowen Institute.
 
  
   



 **Required Knowledge, Skills, and Abilities**


  
   




- A strong background in data analysis, with Master’s Level (or equivalent) knowledge of statistical analysis to provide capacity for data\-driven decision making.

* Excellent interpersonal, writing, editing, and verbal communication skills.
* Excellent organizational skills.
* Experience communicating complex research findings to diverse audiences.
* Proven leadership experience, humility, flexibility, patience, and resilience required to address multiple barriers and see projects from beginning to end.
* Proficient in data analytic systems including SPSS, SAS, STATA, Microsoft, R, and/or Tableau.
* Demonstrated commitment to education and outcomes for diverse youth.
* Experience working with in\-school educators.
* Experience leading or participating in collaboratives that bring together diverse practitioners within the education field.






 **Required Education and/or Experience**


  
   




- BA in education, data analytics, social policy, or related field.

* Four years of professional work experience, including research and analysis.






 **Preferred Qualifications**


  
   




- Experience working within the K\-12 and postsecondary education systems.

* 3\. Familiarity with the overall education landscape in New Orleans and Louisiana.





"
5,"Manager, Data Reporting and Analytics - Python, Tableau, SQL",https://www.indeed.com/rc/clk?jk=f7f2dc634f81ba05&bb=I-CbN22wizRAZOg9huclI0iuLhaD6JTvV-kl9p_c2MLJNBTTVWN-lmQwt-RjbkjoC4DfIin60buspdS4z2gGS1G-8eWFz1sGSac9m-3ZoRrvV3N_ogdlJQ%3D%3D&xkcb=SoAR67M3915MTQSU650ObzkdCdPP&fccid=48ecd526e3aa3225&vjs=3,Kaiser Permanente,"Hyattsville, MD 20785",25 days ago,"$133,500 - $172,700 a year",#NAME?,"

**Job Summary:**
   
 This manager level position is primarily responsible for managing strategic data\-informed decisions, managing data and information collection on targeted variables in an established systematic fashion, and managing data preparation for analytic efforts.  
   
 This position manages the execution of creative data analytic approaches leading to actionable outcomes, managing the development, implementation, and automation of business and reporting solutions, and managing data analysis interpretation.
 
  
  **Essential Responsibilities:**
  
   

* Pursues professional growth and provides developmental opportunities for others by soliciting and acting on performance feedback; building collaborative, cross\-functional relationships; training and developing talent for growth opportunities; delegating tasks and decisions; fostering open dialogue amongst team members; executing performance management guidelines and expectations; and working closely with employees to set goals and provide open feedback and coaching to drive performance improvement.
* Manages designated work unit by translating business plans into tactical action items; ensuring all policies and procedures are followed; delegating tasks to meet goals and objectives; overseeing the completion of work assignments; aligning team efforts; building accountability for and measuring progress in achieving results; identifying and addressing improvement opportunities; removing obstacles that impact performance; and guiding performance and developing contingency plans accordingly.
* Manages the development, implementation, and automation of business and reporting solutions by partnering with stakeholders to ensure their design, planning, and implementation needs are being met while ensuring consistency and coherency of output; reviewing and approving results; ensuring data reports, visualizations, and/or interactive Business Intelligence (BI) reports meet established standards; reporting to senior\-level stakeholders on key findings; and identifying needs for the development and implementation of additional reporting solutions.
* Manages strategic data\-informed decisions by consulting with senior\-level clients and leadership to identify and clarify key business needs across functional areas, business and/or clinical lines; managing the development of outcomes and process measures; reviewing the translation of business requirements; determining data/information needs and data collection methods; leading the development of analysis plans; reviewing the impact of business decisions on clients, customers, and/or members; collaborating with clients and staff to identify opportunities and methods to improve efficiencies with analysis; ensuring end\-users are supported and trained; and reviewing documentation of processes and deliverables.
* Manages data analysis interpretation by reviewing findings and their application to contextual settings; reviewing insights, reports, and presentations to ensure a compelling story for stakeholders to enable and influence decision making; and sharing insights with internal and/or external audiences.
* Manages data preparation for analytic efforts by integrating and consolidating data; ensuring data quality and accuracy; approving process improvements and recommending system changes to enhance overall quality of the data; escalating issues to ensure remediation as appropriate; and reviewing complex or high\-profile data sets.
* Manages data and information collection on targeted variables in an established systematic fashion by reviewing and approving data sources; providing guidance and review regarding data collection methods and analysis; leading routine data refresh and update; reviewing the development and/or delivery of tools for electronic data collection; ensuring users are trained and supported; and auditing documentation.
* Manages the execution of creative data analytic approaches leading to actionable outcomes by reviewing data design and analysis; approving metrics to be analyzed; defining, calculating, and validating algorithms; reviewing and approving results of analyses; and providing technical support on complex analyses including inferential and/or predictive statistics.



  
 **Minimum Qualifications:**
  
   

* Minimum three (3\) years experience in a leadership role with or without direct reports.
* Bachelors degree in Mathematics, Statistics, Engineering, Social/Physical/Life Science, Business, or related field and Minimum six (6\) years progressive corporate, non\-profit, or consulting experience, including Minimum four (4\) years in data analytics or directly related field. Additional equivalent work experience in a directly related field may be substituted for the degree requirement.



  
 **Additional Requirements:**
  

* Knowledge, Skills, and Abilities (KSAs): Negotiation; Business Planning; Written Communication; Data Extraction; Data Mining; Data Visualization Tools; Statistical Programming Language; Relational Database Management; Vendor Management; Delegation; Project Management

  
 PrimaryLocation : Maryland,Hyattsville,New Carrollton Administration  
 HoursPerWeek : 40  
 Shift : Day  
 Workdays : Mon, Tue, Wed, Thu, Fri  
 WorkingHoursStart : 08:00 AM  
 WorkingHoursEnd : 05:00 PM  
 Job Schedule : Full\-time  
 Job Type : Standard  
 Employee Status : Regular  
 Employee Group/Union Affiliation : NUE\-MAS\-01\|NUE\|Non Union Employee  
 Job Level : Manager with Direct Reports  
 Job Category : Data Analytics  
 Department : Regional Office \- Cost/Bene\-Decision Support \- 1808  
 Travel : No  
 Kaiser Permanente is an equal opportunity employer committed to a diverse and inclusive workforce. Applicants will receive consideration for employment without regard to race, color, religion, sex (including pregnancy), age, sexual orientation, national origin, marital status, parental status, ancestry, disability, gender identity, veteran status, genetic information, other distinguishing characteristics of diversity and inclusion, or any other protected status.
"
6,"Data Reporting and Analytics Consultant V, Programming",https://www.indeed.com/rc/clk?jk=91b8d9cff9d31afb&bb=I-CbN22wizRAZOg9huclI1XptRNJ_nje9ajXgYo3KqQGl2bSpw6fBsZ6d9a9HGYuGSyOKdKqAqipuxF2r5WuU4sKDFU_UCv8jdchHrCkvmyXmwmdsOl3fQ%3D%3D&xkcb=SoCM67M3915MTQSU650NbzkdCdPP&fccid=48ecd526e3aa3225&vjs=3,Kaiser Permanente,"Santa Ana, CA",5 days ago,"$141,600 - $183,150 a year",#NAME?,"

**Job Summary:**
   
 In addition to the responsibilities listed below, this position is also responsible for working collaboratively with statisticians and researchers to provide programming in analytical programming languages (may include SAS, SQL, SPSS, R, Python, etc.), data management, and quality control support for a wide variety of projects; maintaining a high level of programming proficiency; providing innovative developments and/or programs; and providing expert guidance on analytical programming issues.  
   
 This position is also responsible for overseeing all phases of data management, quality control and reporting for multiple research projects; troubleshooting complicated software processes and products; designing and evaluating complex macros for various research and reporting purposes; and providing strategies on various complicated data linkage solutions.
 
  
  **Essential Responsibilities:**
  
   

* Practices self\-leadership and promotes learning in others by building relationships with cross\-functional stakeholders; communicating information and providing advice to drive projects forward; influencing team members within assigned unit; listening and responding to, seeking, and addressing performance feedback; adapting to competing demands and new responsibilities; providing feedback to others, including upward feedback to leadership and mentoring junior team members; creating and executing plans to capitalize on strengths and develop weaknesses; and adapting to and learning from change, difficulties, and feedback.
* Conducts or oversees business\-specific projects by applying deep expertise in subject area; promoting adherence to all procedures and policies; developing work plans to meet business priorities and deadlines; determining and carrying out processes and methodologies; coordinating and delegating resources to accomplish organizational goals; partnering internally and externally to make effective business decisions; solving complex problems; escalating issues or risks as appropriate; monitoring progress and results; recognizing and capitalizing on improvement opportunities; and evaluating recommendations made by others.
* Interprets complex data analyses by applying findings to contextual settings; and developing insights, reports, and presentations telling a compelling story to stakeholders to enable and influence decision making; participating in peer reviews; and providing context related to data interpretations and/or limitations as appropriate.
* Leads the development of advanced analytical and/or statistical models enabling informed business decisions by determining data and analytical requirements; translating models and gaining stakeholder buy\-in for implementation; creating complex models leading to actionable insights; and testing, refining, and validating models.
* Designs, implements, and automates business and reporting solutions by partnering with stakeholders to advise in their design, planning, and implementation while ensuring consistency and coherency; evaluating and summarizing data and results; creating summary statistics; designing data reports, visualizations, and/or interactive Business Intelligence (BI) reports; reporting to stakeholders on key findings; identifying needs for the development and implementation of additional reporting solutions; and preparing documentation as appropriate.
* Drives the execution of creative data analytic approaches leading to actionable outcomes across functional areas, business and/or clinical lines by defining and calculating complex metrics to be analyzed; defining, calculating, and validating algorithms; and conducting complex analyses, including descriptive, correlational, inferential, and/or predictive statistics.
* Prepares data for analytic efforts by integrating and consolidating data; ensuring data quality and accuracy; profiling data inaccuracies and recommending process improvements or system changes to enhance overall quality of the data; collaborating with stakeholders and source system owners to resolve data quality issues as appropriate; and cleaning and creating final data set(s) for analysis.
* Gathers data and information on targeted variables in an established systematic fashion by validating data sources; querying, merging, and extracting data across internal and external sources; completing routine data refresh and update; developing and/or delivering complex tools for electronic data collection; and providing user training, support, and documentation.
* Drives strategic data\-informed decisions by consulting with clients and leadership to identify and clarify key business needs across functional areas, business and/or clinical lines; developing outcomes and process measures; translating business requirements; determining data/information needs and data collection methods; developing complex analysis plans; evaluating the impact of business decisions on clients, customers, and/or members; partnering with clients and staff to identify opportunities and methods to improve efficiencies with analysis; supporting and training end\-users; and documenting processes and deliverables.



  
 **Minimum Qualifications:**
  
   

* Minimum six (6\) years experience programming with SAS, SQL, R or other similar analytical programming language.
* Minimum five (5\) years data management experience with SAS, SQL, R or other similar analytical programming language.
* Minimum three (3\) years experience in a leadership role with or without direct reports.
* Bachelors degree in Mathematics, Statistics, Engineering, Social/Physical/Life Science, Business, or related field and Minimum eight (8\) years experience in data analytics or a directly related field. Additional equivalent work experience in a directly related field may be substituted for the degree requirement.



  
 **Additional Requirements:**
  

* Knowledge, Skills, and Abilities (KSAs): Data Integration; SAS Tools; SQL/SAS; Web Report Studio; Negotiation; Business Planning; Written Communication; Data Extraction; Data Mining; Data Visualization Tools; Statistical Programming Language; Relational Database Management; Vendor Management; Project Management

  
 PrimaryLocation : California,Santa Ana,Xerox Building Administration  
 HoursPerWeek : 40  
 Shift : Day  
 Workdays : Mon, Tue, Wed, Thu, Fri  
 WorkingHoursStart : 08:00 AM  
 WorkingHoursEnd : 05:00 PM  
 Job Schedule : Full\-time  
 Job Type : Standard  
 Employee Status : Regular  
 Employee Group/Union Affiliation : NUE\-SCAL\-01\|NUE\|Non Union Employee  
 Job Level : Individual Contributor  
 Job Category : Data Analytics  
 Department : Xerox Centre Admin Support \- Medical Office \- 0806  
 Travel : No  
 Kaiser Permanente is an equal opportunity employer committed to a diverse and inclusive workforce. Applicants will receive consideration for employment without regard to race, color, religion, sex (including pregnancy), age, sexual orientation, national origin, marital status, parental status, ancestry, disability, gender identity, veteran status, genetic information, other distinguishing characteristics of diversity and inclusion, or any other protected status.
"
7,Data Scientist,https://www.indeed.com/rc/clk?jk=5f6d77ee91a9f4c9&bb=I-CbN22wizRAZOg9huclI2vCOZ0YWF_3B2RuEfogp7xquL_E8THSzKh4lFe3uj8plVslJZ22pdGC6sZNMtKrAPMjDN0fluSkukEPlN_VILEJ97L7mTFHkn9_sXzml-6u&xkcb=SoA467M3915MTQSU650MbzkdCdPP&fccid=ab22e7c357e67bd4&vjs=3,"Vizient, Inc.","Chicago, IL",5 days ago,,"$77,400 - $127,600 por año","


When you’re the best, we’re the best. We instill an environment where employees feel engaged, satisfied and able to contribute their unique skills and talents while living and working as their authentic selves. We provide extensive opportunities for personal and professional development, building both employee competence and organizational capability to fuel exceptional performance through an inclusive environment both now and in the future.



 **Summary:**



In this role, you will oversee the strategy and delivery of analytic services to all provider consumers. You will develop high\-quality automated analytics products for Vizient and conduct sophisticated data analysis to help address critical business and provider questions. You will produce outputs which enable providers to drive improvements in clinical, operational, and economic outcomes. You will leverage large sets of data, including hospital and outpatient claims data, Electronic Medical Record (EMR) data, operational data, supply chain data, payer and public data to provide insights on quality of care and opportunities for improvement.



 **Responsibilities:**



* Work with development and product delivery to ensure needed data analytic services and capabilities are available.
* Develop project\-specific data science insights for single domains and cross\-domains.
* Communicate findings from exploratory and predictive data analysis to administrative and clinical leaders for specific projects.
* Demonstrate understanding of core data assessment steps including data discovery, structuring, cleaning, enrichment, validation, and publishing insights within single data set.
* Leverage machine learning (ML), natural language processing (NLP), and statistical approaches to create, trouble shoot, and implement single platform solutions.
* Support data modeling, exploratory data analysis, inferential statistics machine learning model development, project deployment, and visualization based on detailed requirements.
* Utilize core programming tools including Python, SAS, and SQL.
* Utilize experience with relevant data platforms including Azure Data Bricks.
* Trouble shoot complex technical changes such as merging data sets from disparate sources, normalizing and standardizing highly irregular or inconsistent data, and technical changes and optimize data approach.
* Apply task\-specific mindset to address data science insights, breaking down aspects of solutions to define scope.
* Make task\-specific decisions supporting multiple data science projects.



 **Qualifications:**



* Relevant degree preferred. Advanced degree desired.
* 2 or more years of relevant experience required.
* Programming experience including Python, SAS, and SQL required.
* Experience with Tableau, PowerBI, Apache Spark, and Azure Data Bricks preferred.
* Experience working with health care data preferred.
* Experience with data modeling, data analysis, and machine learning preferred.



\#LI\-JB1


\#IDS



 **Estimated Hiring Range:**

 At Vizient, we consider skills, experience, and organizational needs in our compensation approach. Geographic factors may adjust the range estimate and hires typically fall below the top range. Compensation decisions are tailored to individual circumstances. The current salary range for this role is $77,400\.00 to $127,600\.00\.
 
This position is also incentive eligible.



Vizient has a comprehensive benefits plan! Please view our benefits here:



http://www.vizientinc.com/about\-us/careers



 **Equal Opportunity Employer:** **Females/Minorities/Veterans/Individuals** **with Disabilities**



The Company is committed to equal employment opportunity to all employees and applicants without regard to race, religion, color, gender identity, ethnicity, age, national origin, sexual orientation, disability status, veteran status or any other category protected by applicable law.




"
8,Behavioral Data Scientist,https://www.indeed.com/rc/clk?jk=d499a5703adc7c29&bb=I-CbN22wizRAZOg9huclI3NmU6o3gLPPX4ckcHJEUKn3pV7QQaiEbnOenAn5LjWkbxatR7XUd3Jvdy8bEx8yVoAMhigNbvs0zt-AV97w9_HNTFVDRrHMZYy9KvoLQS7Q&xkcb=SoDR67M3915MTQSU650DbzkdCdPP&fccid=e8f998ddd15bac9c&vjs=3,Parsons,"Springfield, VA",30+ days ago,"$96,400 - $168,700 por año",#NAME?,"
 In a world of possibilities, pursue one with endless opportunities. Imagine Next! 
 When it comes to what you want in your career, if you can imagine it, you can do it at Parsons. Imagine a career working with intelligent, diverse people sharing a common quest. Imagine a workplace where you can be yourself. Where you can thrive. Where you can find your next, right now. We’ve got what you’re looking for. 
 
**Job Description:** 


**Parsons is looking for an amazingly talented** **Behavioral Data Scientist** **to join our team! In this role you will get to** **Configure, deliver, and maintain counter insider threat applications.**
-----------------------------------------------------------------------------------------------------------------------------------------------------------------------------------------------------------


**What Required Skills You'll Bring:**
--------------------------------------


* **Possess a graduate degree an advanced degree in Mathematical Psychology, Cognitive Psychology, Research Psychology or other related field that emphasizes the application of complex quantitative methods to measure human behavior.**
----------------------------------------------------------------------------------------------------------------------------------------------------------------------------------------------------------------------------------------
* **Possess a minimum of 12 years of data mining and modeling experience**
------------------------------------------------------------------------
* **Proficient in one or more of the following software platforms: Python, IBM SPSS Modeler, Natural Language Processing, Large Language Models, Generative AI Applications, and/or User Activity Monitoring applications**
-------------------------------------------------------------------------------------------------------------------------------------------------------------------------------------------------------------------------
* **Advising stakeholders on advanced data mining and technical matters, research, and applications.**
----------------------------------------------------------------------------------------------------


**What You'll Be Doing:**
-------------------------


* **Innovate and advance the science of counter insider threat and national security psychology by improving existing methods and developing new methods to deter, detect and mitigate potential threats through behavioral science R\&D and the application of scientific rigor to current methods.**
----------------------------------------------------------------------------------------------------------------------------------------------------------------------------------------------------------------------------------------------------------------------------------------------------
* **Perform complex data mining tasks involving the application of proven data mining principals, practices, and techniques in the effort to identify anomalous events.**
-----------------------------------------------------------------------------------------------------------------------------------------------------------------------
* **Develop and implement statistical models, apply machine learning techniques, and industry best practices.**
-------------------------------------------------------------------------------------------------------------
* **Develop data analytics and visualizations involving the application of proven industry standard data science principals, practices, and techniques in the effort to identify anomalous events and potential insider threats.**
--------------------------------------------------------------------------------------------------------------------------------------------------------------------------------------------------------------------------------
* **Develop and maintain insider threat risk scoring and other data analytics tools for customers to support insider threat detection and data analysis implementations.**
------------------------------------------------------------------------------------------------------------------------------------------------------------------------
* **Common R\&D activities and work products include, but are not limited to:**
-----------------------------------------------------------------------------


	+ **Modeling**
	------------
	+ **Policy review**
	-----------------
	+ **White papers**
	----------------
	+ **Validation studies**
	----------------------
	+ **Executive summaries**
	-----------------------
	+ **Project briefings**
	---------------------
* **Integrate established and emerging data science and psychological principles and best practices into current and future efforts to deter, detect and mitigate potential threats to the agency by providing expert national security psychology consultation to relevant internal and external stakeholders and mission partners. Examples include, but are not limited to:**
------------------------------------------------------------------------------------------------------------------------------------------------------------------------------------------------------------------------------------------------------------------------------------------------------------------------------------------------------------------------------
* **Provide case support for a variety of stakeholders and mission partners**
---------------------------------------------------------------------------


	+ **Confer with system users, systems engineers, and mission partners to design, develop and deliver data analytic solutions**
	----------------------------------------------------------------------------------------------------------------------------
	+ **Provide consultation to leaders and teams regarding the utilization of data science and behavioral analytics**
	----------------------------------------------------------------------------------------------------------------
* **Educate relevant stakeholders in the theoretical and empirical bases of data science and behavioral science related to the deterrence, detection and mitigation of potential threats by providing or contributing to expert training briefs, presentations and educational courses.**
---------------------------------------------------------------------------------------------------------------------------------------------------------------------------------------------------------------------------------------------------------------------------------------
* **Communicate innovations, findings, lessons learned and best practices throughout the DoD, IC, and broader community, as appropriate, to aid others in the deterrence detection and mitigation of potential threats.**
-----------------------------------------------------------------------------------------------------------------------------------------------------------------------------------------------------------------------



**Minimum Clearance Required to Start:** 

Top Secret 
 This position is part of our Federal Solutions team. 
 Our Federal Solutions segment delivers resources to our US government customers that ensure the success of missions around the globe. Our diverse, intelligent employees drive the state of the art as they provide services and solutions in the areas of defense, security, intelligence, infrastructure, and environmental. We promote a culture of excellence and close\-knit teams that take pride in delivering, protecting, and sustaining our nation's most critical assets, from Earth to cyberspace. Throughout the company, our people are anticipating what’s next to deliver the solutions our customers need now. 
 
Salary Range:

$96,400\.00 \- $168,700\.00 
 We value our employees and want our employees to take care of their overall wellbeing, which is why we offer best\-in\-class benefits such as medical, dental, vision, paid time off, 401(k), life insurance, flexible work schedules, and holidays to fit your busy lifestyle! 
 Parsons is an equal opportunity employer committed to diversity, equity, inclusion, and accessibility in the workplace. Diversity is ingrained in who we are, how we do business, and is one of our company’s core values. Parsons equally employs representation at all job levels for minority, female, disabled, protected veteran and LGBTQ\+. 
 We truly invest and care about our employee’s wellbeing and provide endless growth opportunities as the sky is the limit, so aim for the stars! Imagine next and join the Parsons quest—APPLY TODAY!
"
9,Cloud Data Analytics Specialist,https://www.indeed.com/rc/clk?jk=4601949755650b6d&bb=I-CbN22wizRAZOg9huclI7l3vhgaW5BxZs2hxZAmtwUFVVnPO8TvETFICsCD4UQHpWKFMbXyEQ7xBfm1h1-fbjWsaQDcPg-SEUPLTfuw3qSRuhCr65tppqz-6TO-Rx8f&xkcb=SoBl67M3915MTQSU650CbzkdCdPP&fccid=12626f295bf6a003&vjs=3,Logistics Management Institute,Remote,6 days ago,,Full-time,"
 Overview: 
 
 LMI is seeking for a **Audit Data Scientist** to provide support the NASA OIG's of Data Analytics Infrastructure Services to a cloud analytics environment by developing infrastructure roadmaps, assisting with analytic architecture, and executing data automation processes. This role involves hands\-on migration of analytics products to the cloud, liaising with IT teams, and providing technical expertise in cloud\-native tools and solutions.
 


  
 LMI is a consultancy dedicated to powering a future\-ready, high\-performing government, drawing from expertise in digital and analytic solutions, logistics, and management advisory services. We deliver integrated capabilities that incorporate emerging technologies and are tailored to customers’ unique mission needs, backed by objective research and data analysis. Founded in 1961 to help the Department of Defense resolve complex logistics management challenges, LMI continues to enable growth and transformation, enhance operational readiness and resiliency, and ensure mission success for federal civilian and defense agencies.
 


  
 LMI has been named a 2024 \#TopWorkplace in the BuiltIn Workplaces! We are honored to be recognized as a company that values a people\-centered culture, and we are grateful to our employees for making this possible!
  Responsibilities: 
 * Develop an analytic infrastructure roadmap to transition data analytics infrastructure services to a cloud analytics environment.
* Assist in designing and implementing analytic architecture within a cloud framework.
* Support data automation processes to enhance efficiency and streamline operations.
* Provide project management support, ensuring effective coordination and execution of data analytics infrastructure services initiatives.
* Perform hands\-on migration of analytics products and services to a cloud environment, ensuring minimal disruption and optimal performance.
* Develop and implement modernization strategies for existing data analytics infrastructure, utilizing cloud\-native tools and services.
* Optimize cloud architecture and infrastructure to improve scalability, security, and cost\-efficiency for analytic operations.
* Liaise with OIG IT and other entities to facilitate communication and collaboration.
* Deliver data analytic consulting services to identify methods, tools, and solutions for audit projects.
* Develop and implement a variety of data analytic products and services, including analyses, data mining, reports, dashboards, and data visualizations.
* Collaborate with subject matter experts to enhance data analytic solutions and ensure alignment with audit objectives.
* Acquire and maintain data from NASA, OIG peers, and open\-source platforms.
* Demonstrate leadership and soft skills to ensure customer satisfaction and effective project management.

 Qualifications: 
 
 **Minimum:**

* Bachelor’s degree in Data Science, Information Systems, Computer Science, or a related field.
* Experience with cloud analytics environments and cloud infrastructure.
* Proficiency in data analytics tools and programming languages (e.g., Python, SQL, R).
* Proven hands\-on experience in migrating data analytics products to cloud platforms such as AWS.
* Proficiency in cloud\-native tools and services for analytics and data processing (e.g., AWS Redshift, Glue, S3, Lambda, RDS, etc.).
* Strong technical skills in configuring, deploying, and managing cloud infrastructure components relevant to data analytics.
* Strong understanding of data automation and analytic architecture design.
* Experience in project management within a technical or data analytics context.Excellent communication skills for writing reports and collaborating with diverse teams.
* Ability to liaise effectively with IT and other organizational entities.



 **Preferred:**

* Master’s degree in a relevant field.
* Relevant certifications in cloud computing, data analytics, or project management (e.g., AWS Certified Solutions Architect, Certified Data Analyst, PMP).
* Experience working with NASA's cloud environment capabilities.
* Experience in designing and executing cloud modernization initiatives for legacy analytic systems.
* Familiarity with Infrastructure as Code (IaC) tools such as Terraform or CloudFormation to automate cloud deployments and configurations.
* Expertise in optimizing cloud environments for performance, security, and cost, with a focus on analytics workloads.
* Demonstrated expertise in developing complex dashboards and data visualization solutions.
* Previous experience in an audit or government setting.
* Strong problem\-solving skills and ability to deliver innovative solutions.
* Ability to manage multiple projects and prioritize tasks effectively.


"
10,Crew Scheduler,https://www.indeed.com/rc/clk?jk=06835bfe01ada40c&bb=I-CbN22wizRAZOg9huclI5lO931mcBKLb_Vn3wwUmjKrYUwqNaIyJvI6SM8FRO_MjJCYofKbvekFD4WfWjdd1OmG-GjUogLqxJ9JcH-zD9YuJpMvi6-2hTGyaAuHF66e&xkcb=SoD467M3915MTQSU650BbzkdCdPP&fccid=0320bbff280ba20c&vjs=3,Wing,"Dallas, TX (Oak Cliff area)",11 days ago,"$112,000 - $126,000 por año",#NAME?,"

**About Wing:**


Wing offers drone delivery as a safe, fast, and sustainable solution for last mile logistics. Consumer appetites for on\-demand services are increasing, but current delivery methods are inefficient, costly, and contribute to road accidents and air pollution. Wing's fleet of highly automated delivery drones can transport small packages directly from businesses to homes on\-demand, in minutes. We design, build, and operate our aircraft, and offer drone delivery services on three continents. Our technology is designed to be easy to integrate into existing delivery and logistics networks, offering a scalable drone delivery solution for a broad range of businesses. Wing is a part of Google's parent company, Alphabet, and our mission is to create the preferred means of delivery for the planet. To do this, we must build a workforce that's representative of the global communities that we serve. If you're ready to do the greatest work of your life, come join us.



 **About the Role:**


Wing is looking for a **Flight Operations Crew Scheduler** to join our Flight Operations team for a **36 month fixed term contract.** You will help us ensure crew members are scheduled effectively and efficiently to ensure the availability of our commercial drone delivery service. You will work closely with the Chief Pilot, Assistant Chief Pilot, and Flight Operations Managers to ensure crew availability and that regulatory requirements are met for crew scheduling. The ideal candidate has a passion for aviation and the ongoing development of this new industry and has two or more years of experience as a crew scheduler in a Part 135, Part 91 flight department or military equivalent.


 **What you'll do:**


* Generate and maintain Pilot\-in\-Command (PIC) crew schedules in accordance with a preferential bidding system (PBS) for approval by the Chief Pilot or Assistant Chief Pilot.
* Adjust monthly PIC schedule as needed for unplanned non\-availability of PICs.
* Communicate changes to monthly flight crew schedules to PICs.
* Ensure that proposed crew schedules are compliant with Wing crew duty rest and duty time requirements.
* Ensure that PIC schedule assignments are aligned with availability of PIC stations at each of Wing Operating Room locations.
* Coordinate with Flight Operations Site Leads and Vendor Team leads to align PIC schedules with Ground Support Operations crew schedules.
* Coordinate short\-notice crew schedule changes with the Flight Operations Manager on duty.
* Work with the Wing Flight Operations Training team to schedule crew for required training events.
* Work with the Flight Operations Records and Compliance Manager to ensure that only fully qualified crew are scheduled for line operations.
* Interface with other teams outside of Flight Operations as needed to complete primary crew scheduling functions.
* Work with Flight Operations Data Engineer and Wing Business Information team to produce crew duty reports.
* Maintain strict confidentiality when dealing with sensitive information


**What You'll Need:**


* 3\+ years of experience in aviation operations crew scheduling in Part 135, or Part 121 Operations or Military equivalent organization with a large number of crew members and flight or ground transportation operations experience
* One or more years of experience maintaining rosters and resource planning
* Working knowledge of 14 CFR Part 135 Crew Rest and Duty time requirements
* Demonstrated experience with resource management software such as Deputy or ServiceNow with the aptitude to learn new software
* Demonstrated proficiency with manipulating data using spreadsheets or using embedded analytical tools within resource management software such as Deputy or ServiceNow
* Demonstrated proficiency with Google Workspace (gSuite) tools (gdocs, gsheets, gchat, etc)
* Demonstrated attention to detail and data analytic skills
* Demonstrated excellent oral/written communication and problem\-resolution skills
* Must be able to work well in a fast\-paced environment and be flexible to the changing needs of the business.
* Must be willing to occasionally work weekends and holidays if required.


"
11,Quality Data Analyst | Clinical Analytics | Days,https://www.indeed.com/rc/clk?jk=955c6fafb6154175&bb=I-CbN22wizRAZOg9huclI9QQ9N209R0c7nq9_89YmkI8v-MibmTyROKWzhMFIJcTv9O4G-0dkfGUoGHDit8Oj6MA1ZRQZsq-Ct2MqypQXMaW-vZ-Gz1jLUPCNXhBR6WH&xkcb=SoBM67M3915MTQSU650AbzkdCdPP&fccid=3a1835496c6a0d13&vjs=3,UF Health,"Gainesville, FL 32608",3 days ago,"$77,272.00 - $132,849.60 a year",#NAME?,"
 Overview: 
  **Status: FULL\-TIME**


 **FTE: 1\.0**


 **Shift Hours: 8:00AM\-5:00PM**


 **Days of Week: MONDAY\-FRIDAY**


This position, embedded within the UF Health Shands Quality and Patient Safety Department, integrates quality improvement efforts between the College of Medicine and UF Health Shands Hospital. With a direct reporting line to the UF Health Shands Hospital Manager of Quality Analytics, this unique role provides crucial data analytic support for quality improvement projects derived from the College of Medicine Quality and Patient Safety initiative. Key responsibilities include analyzing healthcare data using modern business intelligence and statistical tools to identify trends, patterns, and anomalies; querying clinical databases, creating reports, developing dynamic dashboards, and generating visualizations to translate data findings into actionable recommendations for enhancing patient care and organizational performance. The role involves distilling complex clinical information into comprehensible insights and providing education on data interpretation to ensure stakeholders can effectively utilize data for


Working closely with physicians and data science teams, the position manages and analyzes data for assigned projects and communicates complex data and information to organizational leaders. Building and maintaining positive client relationships while utilizing industry and subject\-matter best practices is crucial. The role also requires translating data into reports, necessitating a keen understanding of the healthcare business, operational processes, and the ability to perform complex analyses using data resources and technical tools. This position enables collaborative integration of healthcare quality improvement projects and patient safety outcomes, ensuring a cohesive approach to quality and patient safety across UF Health Shands and the College of Medicine.

 Qualifications: 
 Minimum Education and Experience Requirements:


* Bachelor's degree in STEM (science, technology, engineering, and math), healthcare administration, public health, nursing or a related field is required
* Master's degree in healthcare analytics, healthcare administration, public health or related discipline is preferred
* Two years of experience in healthcare data analysis is preferred
* Strong analytical skills and mastery of advanced data analysis tools and techniques, such as SQL, Excel, Python, R, or other relevant software, is a prerequisite
* Familiarity with healthcare information systems and electronic health records (EHRs)
* Proficiency in Microsoft Office applications (Excel, Word, PowerPoint, Access
* Exceptional communication and presentation abilities for conveying technical information to diverse audiences
* Strong problem\-solving abilities and the ability to work independently and collaboratively


Licensure/Certification/Registration: None


Motor Vehicle Operator Designation: Employees in this position will not operate vehicles for an assigned business purpose


"
12,Data Analyst IV,https://www.indeed.com/rc/clk?jk=a2f54b07f2ff40b1&bb=I-CbN22wizRAZOg9huclI5lO931mcBKL3a00P9hV0S8mj4-A1xq-Iq76wTM7k0sQldh1ZHAMH909ZNI5JOlaoo39e6xiamVvMDKgXNgpVWISBn58dbLLoraFpzAFD3-W&xkcb=SoDC67M3915MTQSU650HbzkdCdPP&fccid=f3633966bb4e68a4&vjs=3,Akima,"Washington, DC 20080",30+ days ago,"$115,000 - $125,000 a year",#NAME?,"
**Overview**


**Work Where it Matters**


Tuvli, an Akima company, is not just another federal IT contractor. As an Alaska Native Corporation (ANC), our mission and purpose extend beyond our exciting federal projects as we support our shareholder communities in Alaska.


At Tuvli, the work you do every day makes a difference in the lives of our 15,000 Iñupiat shareholders, a group of Alaska natives from one of the most remote and harshest environments in the United States.


**For our shareholders** , Tuvli provides support and employment opportunities and contributes to the survival of a culture that has thrived above the Arctic Circle for more than 10,000 years.


**For our government customers** , Tuvli ensures that solutions are strictly aligned with agency processes and desired program outcomes while delivering the best value for technology investments.


**As a Tuvli employee** , you will be surrounded by a challenging, yet supportive work environment that is committed to innovation and diversity, two of our most important values. You will also have access to our comprehensive benefits and competitive pay in addition to growth opportunities and excellent retirement options.


**Job Summary**


Tuvli, an Akima company, is hiring for a Data Analyst IV to support our DoS client located in Washington, DC.


The Data Analyst evaluates a range of Monitor and Combat Trafficking in Persons’ (J/TIP) data sources and uses data analytics and data visualization techniques to help the J/TIP office to better explain the complex issue of human trafficking and the impacts of the office’s anti\-trafficking work to the public and other stakeholders. This position is part of the Resource Management and Planning (RMP ) section and under direction of the Deputy Senior Coordinator, or designee. The incumbent will work on data analytic projects and data sets across all components of the TIP Office.


**Responsibilities**


**Job Responsibilities:**


* Collects, evaluates, and standardizes data relevant to human trafficking policies and programs.
* Uses data analytics and data visualization software and tools to develop a variety of visually appealing and easy to interpret products to clearly communicate complex data sets and J/TIP priorities to the public, Department stakeholders, and others.
* Develops informational products such as charts, diagrams, maps, and graphics for senior management and other staff.
* Analyzes primary and secondary source data and uses data visualization techniques to showcase human trafficking patterns and trends. This includes evaluating, monitoring, and updating data for quality, relevance, and accuracy.
* The Data Analyst will also coordinate and collaborate with the RMP Strategic Coordinator and Monitoring and Evaluation Advisor to create and improve data repositories and performance indicators. This work will include creating databases and naming conventions for data collection, cataloging and analyzing new and existing data across all section, and creating reports and visualizations using a myriad of data sources. Projects may also entail working with the Administrative Officer and Information Technology (IT) Specialist to enhance, expand, and update office websites and the intranet Share Point site to ensure graphics and information is user\-friendly, content\-rich, and dynamic as well as complies with accessibility policies and requirements.
* This position will also support the development of reports and other written product for internal and external audiences. One example of this would be to perform statistical analysis of data for annual performance indicators, analysis of investments in foreign assistance programs, and identify regional and thematic trends in support of the annual trafficking in persons report.
* The Data Analyst may be asked to give presentations or create job aids on data, evidence collection techniques, and other relevant information to ensure staff understand data content methodologies and techniques.


**Qualifications**


**Minimum Qualifications:**


* Ability to work proactively and with minimal management oversight.
* Operates as a member of a team but also demonstrates the ability to work independently to accomplish tasks.
* Ability to demonstrate capacity to work with large amounts of data, extract relevant information, and draw logical conclusions.
* The ability to translate complex data into non\-technical, lay terms, especially various audiences to include managers, the US Congress, and the general public.
* Demonstrated ability to pay attention to detail when working with data in order to highlight trends and patterns.
* Possesses subject matter expertise in knowledge of statistical methodologies and data analysis, and a comprehensive understanding of relevant databases, data sources, data organization. Skilled in Tableau, Share Point, and/or Microsoft Power BI.
* Expert in Microsoft Excel and Microsoft Office Suite.
* Previous experience or education in human rights or work with vulnerable populations is preferred, but not required.
* Demonstrated ability to communicate complex issues in a timely and concise manner, both orally and in written form.
* Strong IT skills and skills with quantitative and qualitative analysis is desired.
* Knowledge of programming software such as Java, Python, or JavaScript is highly desired.
* Bachelor’s degree in computer science or in a related field like math, statistics, or computer engineering.
* 5\-7 years of data analyst or related experience.
* Active Secret clearance.


**Posted Salary Range**

 115,000 \- 125,000 
 **Benefits Information**


Regular \- The company offers a comprehensive benefits program, including medical, dental, vision, life insurance, 401(k) and a range of other voluntary benefits. Paid Time Off (PTO) is offered to regular full\-time and part\-time employees.


We are an equal opportunity employer and comply with all applicable federal, state, and local fair employment practices laws. All applicants will receive consideration for employment, without regard to race, color, religion, creed, national origin, gender or gender\-identity, age, marital status, sexual orientation, veteran status, disability, pregnancy or parental status, or any other basis prohibited by law. If you are an individual with a disability, or have known limitations related to pregnancy, childbirth, or related medical conditions, and would like to request a reasonable accommodation for any part of the employment process, please contact us at job\-assist@akima.com or 571\-353\-7053 (information about job applications status is not available at this contact information).


**Job:** Program \& Project Management


**Travel:** Yes, 25% of the time


**Organization:** Tuvli


**Clearance:** SECRET


**Work Type:** Hybrid


**Remote:** No


**ReqID:** 2024\-11855



"
13,Medicaid Data Analyst,https://www.indeed.com/rc/clk?jk=097eb3370a99b684&bb=I-CbN22wizRAZOg9huclI_4PlWLapROXoV4FCaBOm39ghFgtdXFIrjgLo_Mtj447haHg3awO-OFgHfKXKN0bOgxkZkR8R1lK3IOi8ERBvKX1A8LKVVGPNQ%3D%3D&xkcb=SoB267M3915MTQSU650GbzkdCdPP&fccid=39baf972ba156d41&vjs=3,Rutgers University,"Hybrid work in New Brunswick, NJ 08901",16 days ago,"$100,485 - $121,582 a year",#NAME?,"

**Position Details**
--------------------






 Position Information
 





**Recruitment/Posting Title**


 Medicaid Data Analyst
 
  



**Job Category**


 Staff \& Executive \- Research (Laboratory/Non\-Laboratory)
 
  



**Department**


 Center for State Health Policy
 
  



**Overview**

  




**Posting Summary**



 Rutgers, The State University of New Jersey is seeking a Data Analyst for the Center for State Health Policy for the Institute for Health, Health Care Policy and Aging Research (IFH). They will be assigned to work within the NJ Division of Medical Assistance \& Health Services’ (“DMAHS” or “Medicaid”) Business Intelligence Unit (BIU) located in Hamilton Township, NJ. This arrangement builds on a long standing and productive relationship between CSHP and NJ Medicaid and presents the unique opportunity for qualified analysts who desire to work with large and complex health care data systems and seek the broad technical and policy experience gained from working with colleagues in both an academic environment and for a state government program. Working and training under the direction of leadership within the Medicaid BIU, and the Associate Director of Data Analytics at the Center for State Health Policy, the analyst(s) will assist in the development, staffing, and operations of the BIU, expanding the current data analytic capabilities of DMAHS and enabling the rapid identification of emerging trends in enrollment, eligibility, service utilization, and other information needed to gain actionable intelligence on ways to improve the quality and efficiency of health care services delivered to clients within the NJ FamilyCare program.  
   
 Among the key duties of the position are the following:
 
* Engages in detailed research projects undertaken at the request of the DMAHS Director/Assistant Commissioner or senior management to inform the future direction of the NJ FamilyCare program.
* Participates in the development of business intelligence tools to support the Business Intelligence Unit, including interactive dashboards, slide presentations, standardized queries for various performance metrics, and other business intelligence deliverables.
* Develops ad\-hoc reports from the State’s data warehouse in response to requests for information made pursuant to the Open Public Records Act, press inquiries, and inquiries from various sources within State government, including for example, individuals from DMAHS, other DHS divisions (including DHS senior management), Department of Health, Department of Treasury, Department of Children and Families, and the Office of the Governor, provided that only HIPAA “safe harbor” de\-identified information can generally be provided outside of DMAHS.
* Supports the Business Intelligence Unit and the State’s data warehouse in the linking of various data sets that may be useful for developing methods of healthcare quality improvement and cost containment in NJ FamilyCare.
* Provides assistance to various DMAHS business units in performing statistical sampling required by state or federal law or statute.
* Performs tasks under general supervision and may be assigned a specific area of responsibility.



  



**Position Status**


 Full Time
 
  



**Hours Per Week**

  




**Daily Work Shift**

  




**Work Arrangement**


 Consistent with the current application of Rutgers Policy 60\.3\.22 or the applicable provisions of relevant collective negotiations agreements, this position may be eligible for a hybrid work arrangement. Flexible work arrangements are not permanent, are subject to change or discontinuation, and contingent on the employee receiving approval in the FlexWork@RU Application System.
 
  



**FLSA**


 Exempt
 
  



**Grade**


 06
 
  



**Position Salary**

  




**Annual Minimum Salary**


 079387\.00
 
  



**Annual Mid Range Salary**


 100485\.00
 
  



**Annual Maximum Salary**


 121582\.00
 
  



**Standard Hours** 


 37\.50
 
  



**Union Description**


 Admin Assembly (MPSC)
 
  



**Payroll Designation**


 ABP
 
  



**Benefits**



 Rutgers offers a comprehensive benefit program to eligible employees. For details, please go to **http://uhr.rutgers.edu/benefits/benefits\-overview**.
 

  



  



**Seniority Unit**

  




**Terms of Appointment**


 Staff \- 12 month
 
  



**Position Pension Eligibility** 

  







 Qualifications
 





**Minimum Education and Experience**

* A minimum of a Bachelor’s degree in relevant disciplines including epidemiology, health informatics/IT, policy analysis/administration, public health, economics,  
 engineering, computer science, or information security.
* A minimum of five (5\) years of professional experience querying, analyzing, and reporting on complex healthcare data sets utilizing such programs such as Access, SAS, SQL, SAP BI or equivalent.
* Note that an advanced degree can be substituted for 2 years of experience.


  



**Certifications/Licenses**

  




**Required Knowledge, Skills, and Abilities**

* Advanced knowledge of data management and manipulation using a combination of the following tools: MS Access, Excel, SQL, Python, R, geographic mapping software or other business/data analytics tools.
* Ability to analyze and report data using statistical and Business Intelligence dashboard tools such as Tableau (Server and Prep), SAP BI.
* Strong work ethic and problem\-solving skills with a strong attention to detail and scientific
* curiosity.
* Ability to work independently and lead various BIU activities.
* Good collaborator, with the ability and motivation to progress rapidly in assimilating and applying
* Advanced techniques in statistical analysis and programming, complex data management, and systems improvement strategies.
* Exceptional organizational skills.
* Ability to build and/or adapt complex programs (e.g., hospital quality and patient safety measures)for innovative uses; requires the ability to understand and revise sophisticated bio\-statistical programming.
* Ability to effectively interpret supervisor’s directions and communicate progress and problems in a timely way.
* Capacity to create visually appealing and understandable presentation of data.
* Work productively and cooperatively with project team members in a highly collaborative,
* supportive environment.
* Ability to develop and maintain clear and organized methodological documentation.
* Ability to interpret business requirements and reporting requests.
* Possess strong interpersonal, written and oral communication skills.
* Must have exceptional time management skills and the ability to effectively prioritize and manage multiple projects and deadlines.
* Ability to exercise sound judgement in making critical decisions.
* Possess strong “data hygiene” skills with an understanding of best practices for validating own programs and output as well as being able to replicate and validate the work of other analysts.
* Ability to establish and maintain productive and successful relationships with the appropriate
* agencies and external DMAHS vendors with regard to information processing requirements.
* Knowledge of the development and maintenance of systems documentation including feasibility reports, specifications, design documentation, test scripts, data, etc.


  



**Preferred Qualifications**

* Masters degree in relevant disciplines including epidemiology, health informatics/IT, policy  
 analysis/administration, public health, economics, engineering, computer science, or information security.
* Experience working with and analyzing complex hospital or other healthcare provider  
 billing/EHR data, Medicaid/Medicare claims and other health utilization data for research,  
 program evaluation, and policy development within an academic or government agency setting.
* Proven ability to work with the processes and technologies of other large administrative health and financial data.
* Experience building NCQA HEDIS quality measures or other similar healthcare quality indicators(i.e. AHRQ Quality Indicators, PQA) and/or alternative payment models.
* Ability to prepare clear, sound, accurate, and informative statistical and narrative reports  
 containing findings, analyses, conclusions, and recommendations.
* A record of accomplishments in the area of health data analytics.


  



**Equipment Utilized**

* Microsoft Office products.
* Software packages such as SAS, SAP BI, Access, Tableau and other specialized software for statistical programming and complex data manipulation.


  



**Physical Demands and Work Environment**

  




**Special Conditions**

  







 Posting Details
 





**Posting Number**


 24ST1870
 
  



**Posting Open Date**


 08/02/2024
 
  



**Special Instructions to Applicants**

  




**Regional Campus**


 Rutgers Biomedical and Health Sciences (RBHS)
 
  



**Home Location Campus**


 Rutgers University \- New Brunswick
 
  



**City**


 New Brunswick
 
  



**State**


 NJ
 
  



**Location Details**

  







 Pre\-employment Screenings 
 

 All offers of employment are contingent upon successful completion of all pre\-employment screenings.
 






 Immunization Requirements 
 Under Policy 100\.3\.1 Immunization Policy for Covered Individuals, if employment will commence during Flu Season, Rutgers University may require certain prospective employees to provide proof that they are vaccinated against Seasonal Influenza for the current Flu Season, unless the University has granted the individual a medical or religious exemption. Additional infection control and safety policies may apply. Prospective employees should speak with their hiring manager to determine which policies apply to the role or position for which they are applying. Failure to provide proof of vaccination for any required vaccines or obtain a medical or religious exemption from the University will result in rescission of a candidate’s offer of employment or disciplinary action up to and including termination.







"
14,"Client Data Account Maintenance, Associate",https://www.indeed.com/rc/clk?jk=780b124b678456cb&bb=I-CbN22wizRAZOg9huclI0yCFUzEDXJ-eCnOWx5lJLxkPMls15Ju34WZUovWsbMxy96QX4PwVWgz1tL0Y8XzMqUAZhibdOK2SjdnrHGCOi8OXDM-T3RJnQ%3D%3D&xkcb=SoDr67M3915MTQSU650FbzkdCdPP&fccid=c46d0116f6e69eae&vjs=3,JPMorgan Chase & Co,"Plano, TX 75024",15 days ago,,Full-time,"
**JOB DESCRIPTION**
  
 nterested in a new career opportunity? Join our Account Maintenance Group as a Client Data Analyst in Chase Wealth Management (CWM). In joining our Asset \& Wealth Management (AWM) Operations business, you will be part of a diverse and inclusive team that plays a critical role in supporting our clients, delivering for our business and empowering our employees to do their best work.


As a member of the Client Maintenance team, you will be responsible for the operational support, governance, and remediation of new and existing client data, as well as for the processing, documentation, verification, and maintenance of client accounts.


In this role, you will become a subject matter expert to provide support and guidance to the front office, client service, and additional cross\-functional partners the team supports.


 **Job Responsibilities:** 


* You will support full service wealth clients/advisors and self\-directed customers with client data and documentation for Chase Wealth Management.
* Principal duties (Series 24\) include reviewing and approving the brokerage account maintenance service requests in accordance with FINRA rules and industry regulations.
* Leveraging a **risk management** mind\-set to review and validate client data and relevant legal and/or governing documentation.
* You will support the digital brokerage services with straight through processing and accepting or rejecting client service requests.
* Foster a culture of continuous improvement; analyze processes and identify opportunities for automation and/or tactical solutions to solve for gaps to enhance the end\-to\-end operating model.
* Critical thinker, ability to exercise independent judgment in resolution of moderate to complex issues and escalate issues for resolution.
* You will participate in internal research projects and special client assignments as the opportunities arise for licensed individuals.


 **Required Qualifications, Capabilities and Skills:**


* FINRA Series 7 and 24 licenses required for Associate role.
* 5\+ years of experience in financial services, preferably in investment related roles, with a focus on customer service and support.
* General knowledge of brokerage industry regulatory requirements. Ensure compliance with all department and regulatory (AML, SEC, DOL, FINRA, KYC, CIP, OFAC etc.) requirements.
* Ability to think creatively, transform ideas and recommend/implement process improvements. Plus exceptional customer service mentality.
* Exceptional communication skills and the ability to collaborate effectively across all levels of the organization.
* Proven interpersonal skills, and a results oriented team player.
* Strong sense of accountability and ownership to drive best practices around the quality, risk and controls process.


 **Preferred Qualifications, Capabilities and Skills:**


* Accelerated skills in Microsoft Office and Microsoft Teams, particularly advanced Excel proficiency.
* Strong knowledge of Data Analytic and Visualization tools. Signavio, Altreyx, Xceptor, Python and PINNACLE is a plus.
* Ability to organize/manage multiple priorities and projects coupled with the flexibility to quickly adapt to ever changing business needs and requirements. Analytical approach to problem solving.
* Accuracy and high attention to detail, excellent follow\-through

 **ABOUT US**  


 JPMorgan Chase \& Co., one of the oldest financial institutions, offers innovative financial solutions to millions of consumers, small businesses and many of the world’s most prominent corporate, institutional and government clients under the J.P. Morgan and Chase brands. Our history spans over 200 years and today we are a leader in investment banking, consumer and small business banking, commercial banking, financial transaction processing and asset management.
 


We offer a competitive total rewards package including base salary determined based on the role, experience, skill set, and location. For those in eligible roles, we offer discretionary incentive compensation which may be awarded in recognition of firm performance and individual achievements and contributions. We also offer a range of benefits and programs to meet employee needs, based on eligibility. These benefits include comprehensive health care coverage, on\-site health and wellness centers, a retirement savings plan, backup childcare, tuition reimbursement, mental health support, financial coaching and more. Additional details about total compensation and benefits will be provided during the hiring process.



We recognize that our people are our strength and the diverse talents they bring to our global workforce are directly linked to our success. We are an equal opportunity employer and place a high value on diversity and inclusion at our company. We do not discriminate on the basis of any protected attribute, including race, religion, color, national origin, gender, sexual orientation, gender identity, gender expression, age, marital or veteran status, pregnancy or disability, or any other basis protected under applicable law. We also make reasonable accommodations for applicants’ and employees’ religious practices and beliefs, as well as mental health or physical disability needs. Visit our FAQs for more information about requesting an accommodation.


JPMorgan Chase is an Equal Opportunity Employer, including Disability/Veterans

  


  
   

**ABOUT THE TEAM**  
   
 J.P. Morgan Asset \& Wealth Management delivers industry\-leading investment management and private banking solutions. Asset Management provides individuals, advisors and institutions with strategies and expertise that span the full spectrum of asset classes through our global network of investment professionals. Wealth Management helps individuals, families and foundations take a more intentional approach to their wealth or finances to better define, focus and realize their goals.
"
